1.56.0.32	
1.180.240.12	
1.56.0.6	
36.111.64.20	
1.56.0.4	
27.17.99.15	
36.111.64.15	
27.0.128.11	
27.17.99.3	
36.111.64.10	
27.0.128.18	
36.111.64.4	
27.17.99.11	
27.17.99.17	
27.17.99.16	
36.111.64.26	
1.180.240.20	
27.17.99.22	
27.17.99.29	
1.56.0.17	
1.56.0.11	
1.56.0.19	
1.180.240.13	
27.0.128.6	
1.56.0.1	
1.56.0.9	
1.180.240.2	
36.111.64.13	
27.0.128.2	
27.17.99.24	
36.111.64.8	
27.0.128.9	
1.180.240.21	
1.56.0.28	
1.180.240.4	
1.180.240.16	
1.56.0.31	
36.111.64.5	
27.0.128.4	
36.111.64.22	
27.17.99.5	
36.111.64.21	
27.17.99.7	
36.111.64.19	
36.111.64.16	
27.0.128.8	
1.180.240.23	
27.17.99.25	
1.180.240.28	
36.111.64.29	
1.56.0.29	
27.17.99.20	
36.111.64.24	
1.180.240.25	
1.180.240.8	
27.0.128.19	
27.17.99.2	
1.180.240.18	
27.0.128.14	
27.0.128.13	
1.180.240.11	
1.56.0.23	
1.180.240.9	
27.0.128.1	
1.180.240.7	
27.0.128.25	
1.56.0.18	
27.17.99.13	
1.180.240.14	
36.111.64.11	
27.0.128.21	
36.111.64.7	
27.17.99.23	
27.0.128.20	
1.180.240.26	
1.56.0.26	
27.0.128.5	
1.56.0.15	
27.0.128.26	
1.180.240.6	
27.0.128.16	
36.111.64.2	
1.56.0.25	
27.17.99.9	
27.0.128.17	
27.17.99.28	
27.17.99.19	
27.0.128.23	
1.180.240.15	
1.56.0.2	
36.111.64.28	
36.111.64.23	
1.180.240.30	
27.17.99.26	
36.111.64.18	
27.17.99.1	
27.0.128.15	
1.56.0.21	
1.56.0.8	
1.56.0.13	
1.3.0.10	
14.204.65.19	
1.0.1.5	
14.204.65.5	
14.204.65.25	
27.16.125.24	
27.16.125.23	
27.16.125.7	
1.3.0.4	
1.69.192.14	
1.3.0.7	
14.204.65.11	
27.16.125.4	
1.3.0.6	
1.69.192.28	
1.0.1.22	
1.0.1.21	
1.69.192.12	
1.3.0.2	
1.0.1.18	
27.16.125.16	
1.0.1.9	
27.16.125.18	
27.16.125.15	
1.3.0.8	
1.3.0.26	
1.3.0.14	
1.69.192.1	
1.0.1.24	
27.16.125.8	
1.69.192.30	
14.204.65.10	
1.69.192.6	
1.0.1.6	
1.69.192.24	
1.0.1.13	
27.16.125.3	
14.204.65.24	
14.204.65.23	
27.16.125.5	
1.3.0.12	
27.16.125.29	
1.0.1.4	
14.204.65.6	
14.204.65.17	
27.16.125.10	
27.16.125.1	
27.16.125.19	
1.0.1.8	
27.16.125.25	
1.69.192.23	
1.69.192.2	
1.0.1.17	
14.204.65.15	
1.69.192.18	
1.69.192.16	
1.0.1.15	
1.3.0.19	
1.3.0.18	
1.3.0.17	
1.69.192.19	
1.3.0.22	
1.0.1.29	
14.204.65.26	
1.3.0.29	
1.69.192.22	
1.69.192.7	
1.69.192.9	
27.16.125.21	
1.3.0.31	
1.69.192.27	
1.3.0.28	
14.204.65.9	
14.204.65.14	
1.69.192.11	
1.0.1.7	
14.204.65.27	
14.204.68.28	
1.3.0.24	
42.247.2.163	
1.0.1.11	
27.16.125.13	
1.69.192.26	
1.0.1.12	
14.204.65.4	
14.204.65.12	
1.3.0.15	
1.69.192.4	
42.247.2.162	
1.3.0.21	
14.204.65.16	
27.16.125.31	
27.16.125.27	
1.0.1.19	
1.0.1.28	
1.69.192.21	
1.3.0.30	
42.247.2.165	
14.204.65.21	
14.204.65.7	
27.16.125.11	
1.0.1.26	
14.204.65.2	
1.0.1.2	
1.56.0.3	
36.157.32.10	
1.1.0.17	
1.1.0.24	
27.128.64.16	
36.157.80.8	
27.128.64.15	
36.157.80.20	
36.157.32.12	
1.1.0.29	
1.56.0.10	
14.197.253.71	
36.157.32.1	
36.157.80.24	
36.157.80.14	
36.157.80.12	
1.1.0.10	
1.1.0.27	
14.197.253.74	
14.197.253.73	
14.197.253.75	
36.157.80.17	
1.1.0.32	
27.128.64.23	
14.197.253.62	
36.157.32.16	
36.157.32.2	
14.197.253.56	
1.1.0.31	
27.128.64.17	
1.56.0.30	
36.157.80.4	
14.197.253.81	
36.157.80.7	
36.157.32.3	
1.1.0.14	
1.56.0.27	
14.197.253.79	
27.128.64.13	
14.197.253.65	
14.197.253.58	
1.1.0.15	
36.157.80.5	
36.157.32.21	
27.128.64.19	
27.128.64.4	
36.157.32.25	
27.128.64.5	
27.128.64.8	
1.56.0.12	
36.157.32.22	
14.197.253.67	
27.128.64.12	
36.157.32.5	
14.197.253.80	
36.157.80.2	
36.157.32.11	
36.157.80.13	
27.128.64.30	
14.197.253.54	
14.197.253.69	
36.157.32.6	
36.157.80.28	
1.1.0.6	
27.128.64.14	
14.197.253.64	
27.128.64.21	
1.1.0.26	
36.157.80.22	
36.157.80.10	
1.1.0.18	
27.128.64.27	
27.128.64.10	
14.197.253.78	
14.197.253.60	
1.1.0.13	
36.157.32.14	
14.197.253.53	
14.197.253.82	
36.157.32.18	
36.157.32.13	
14.197.253.77	
27.128.64.25	
1.56.0.14	
1.1.0.9	
1.1.0.20	
1.1.0.22	
36.157.32.8	
1.1.0.2	
1.1.0.11	
36.157.32.24	
27.128.64.28	
27.128.64.2	
36.157.80.1	
36.157.80.21	
36.157.32.7	
1.1.0.4	
27.128.64.7	
36.157.80.18	
36.157.32.20	
36.157.80.27	
36.157.80.26	
36.157.80.15	
1.1.0.8	
36.157.32.9	
27.128.64.9	
1.13.224.16	
1.13.224.13	
1.1.0.7	
1.1.0.34	
1.13.224.30	
1.51.168.32	
1.24.32.25	
36.107.64.19	
1.51.168.30	
1.13.224.4	
1.1.0.1	
1.24.32.11	
1.1.0.5	
36.107.64.9	
1.13.224.27	
36.107.64.18	
1.24.32.18	
1.51.168.23	
1.51.168.12	
1.51.168.35	
36.107.64.21	
1.13.224.34	
1.13.224.14	
1.24.32.34	
36.107.64.8	
27.128.64.20	
1.24.32.10	
1.51.168.15	
1.24.32.13	
36.107.64.15	
1.1.0.28	
1.24.32.7	
36.107.64.7	
36.107.64.27	
1.24.32.20	
1.24.32.5	
1.13.224.25	
1.13.224.29	
1.1.0.3	
27.128.64.18	
1.51.168.2	
27.128.64.31	
27.128.64.6	
36.107.64.24	
1.1.0.16	
1.13.224.18	
1.51.168.11	
1.51.168.28	
36.107.64.16	
1.24.32.2	
1.51.168.7	
1.51.168.9	
1.13.224.2	
1.13.224.7	
36.107.64.5	
36.107.64.12	
1.51.168.3	
1.51.168.25	
36.107.64.2	
1.24.32.31	
27.128.64.11	
1.51.168.26	
27.128.64.22	
36.107.64.14	
1.13.224.21	
1.13.224.32	
1.24.32.33	
1.24.32.21	
36.107.64.20	
36.107.64.26	
27.128.64.24	
1.24.32.27	
27.128.64.29	
36.107.64.3	
36.107.64.17	
1.13.224.11	
1.51.168.13	
1.24.32.8	
1.13.224.5	
1.24.32.29	
1.13.224.23	
1.24.32.4	
27.128.64.26	
36.107.64.22	
1.1.0.19	
36.107.64.11	
1.51.168.19	
1.13.224.3	
1.13.224.9	
1.24.32.15	
1.51.168.33	
1.1.0.30	
1.24.32.23	
1.13.224.20	
1.51.168.5	
1.24.32.16	
1.51.168.21	
1.51.168.17	
27.17.96.11	
20.134.160.11	
27.17.96.13	
20.134.160.8	
20.134.160.6	
27.17.96.29	
27.17.96.16	
36.157.32.32	
20.134.160.10	
1.56.0.7	
27.17.96.1	
1.56.0.24	
36.157.32.4	
27.17.96.4	
20.134.160.1	
20.134.160.24	
36.157.32.30	
20.134.160.21	
20.134.160.13	
27.17.96.9	
20.134.160.12	
1.56.0.5	
27.17.96.18	
27.17.96.20	
36.157.32.26	
27.17.96.19	
27.17.96.8	
27.17.96.24	
27.17.96.22	
27.17.96.15	
27.17.96.14	
20.134.160.2	
20.134.160.16	
27.17.96.27	
20.134.160.22	
20.134.160.4	
20.134.160.20	
27.17.96.2	
36.157.32.23	
27.17.96.10	
27.17.96.25	
20.134.160.17	
20.134.160.18	
20.134.160.23	
20.134.160.7	
20.134.160.14	
36.157.32.28	
20.134.160.5	
27.17.96.6	
36.157.128.1	
36.157.128.15	
36.157.128.26	
1.192.205.29	
36.157.128.22	
36.48.16.23	
1.48.92.15	
1.24.8.9	
1.24.114.31	
27.17.235.27	
45.40.192.7	
1.192.205.6	
1.69.128.20	
1.69.128.21	
36.48.16.25	
1.24.8.27	
27.17.235.22	
1.1.2.27	
43.243.16.1	
1.193.245.2	
36.48.234.1	
43.243.16.12	
1.48.92.3	
36.48.234.5	
36.48.234.17	
1.192.205.10	
43.243.16.17	
27.128.209.1	
1.48.92.23	
45.40.192.12	
43.243.16.26	
1.69.128.6	
1.194.0.10	
27.128.209.8	
14.197.150.7	
1.192.205.16	
14.197.150.8	
45.40.192.21	
1.1.2.22	
36.48.234.26	
45.40.192.10	
36.157.128.7	
27.17.235.23	
43.243.16.23	
36.157.128.5	
27.17.235.4	
1.194.0.27	
27.17.235.14	
1.48.92.9	
1.1.2.10	
27.17.235.8	
36.157.128.20	
36.48.16.3	
1.24.8.21	
1.192.205.4	
14.197.150.24	
27.17.235.2	
1.193.245.13	
27.128.209.12	
1.24.114.20	
36.48.16.28	
36.48.234.7	
1.192.205.17	
27.128.209.11	
36.48.234.13	
1.24.8.3	
27.17.235.25	
43.243.16.6	
1.24.8.23	
36.48.16.14	
14.197.150.10	
1.69.128.2	
1.192.205.27	
1.194.0.5	
1.69.128.14	
1.48.92.24	
1.1.2.20	
1.194.0.4	
1.192.205.23	
27.128.209.14	
43.243.16.8	
36.48.234.4	
36.157.128.3	
14.197.150.4	
45.40.192.15	
36.48.234.16	
1.192.205.21	
1.69.128.22	
1.48.92.10	
43.243.16.24	
36.48.16.8	
1.193.245.14	
27.128.209.4	
1.24.8.15	
1.194.0.22	
1.69.128.24	
1.69.128.9	
43.243.16.30	
45.40.192.19	
36.157.128.14	
27.17.235.28	
1.24.8.1	
1.48.92.12	
36.48.234.8	
1.194.0.20	
1.24.8.18	
36.48.16.12	
1.194.0.26	
36.48.16.11	
1.69.128.1	
36.157.128.23	
27.128.209.20	
1.48.92.4	
14.197.150.2	
1.24.114.30	
36.48.16.6	
45.40.192.26	
45.40.192.29	
1.192.205.3	
1.1.2.13	
1.193.245.16	
1.48.92.7	
36.48.234.11	
1.193.245.24	
14.197.150.21	
1.24.114.22	
27.128.209.21	
1.69.128.18	
1.1.2.2	
36.48.16.19	
1.194.0.29	
1.1.2.24	
1.1.2.15	
45.40.192.9	
36.48.16.29	
14.197.150.12	
1.24.8.6	
36.157.128.12	
1.48.92.8	
43.243.16.29	
1.24.114.26	
14.197.150.29	
1.69.128.4	
1.194.0.25	
43.243.16.28	
45.40.192.13	
45.40.192.17	
1.24.114.14	
27.128.209.5	
1.24.114.9	
36.48.234.20	
1.193.245.5	
1.48.92.6	
1.24.114.2	
36.48.16.13	
1.194.0.6	
1.24.114.34	
36.48.234.30	
1.1.2.12	
14.197.150.14	
1.69.128.29	
1.24.114.16	
1.194.0.24	
27.128.209.29	
45.40.192.5	
45.40.192.23	
27.128.209.10	
36.48.234.12	
27.17.235.17	
43.243.16.10	
1.24.114.28	
36.157.128.24	
1.1.2.19	
43.243.16.4	
1.193.245.9	
45.40.192.2	
1.1.2.4	
36.157.128.10	
45.40.192.28	
27.128.209.3	
36.48.16.17	
45.40.192.8	
1.192.205.8	
27.128.209.28	
27.17.235.12	
1.24.114.18	
1.192.205.1	
36.48.16.1	
1.193.245.1	
43.243.16.32	
1.193.245.3	
1.48.92.18	
1.194.0.12	
27.128.209.18	
1.24.114.6	
1.24.114.19	
1.69.128.8	
27.17.235.6	
1.69.128.17	
1.192.205.12	
1.48.92.21	
1.24.8.25	
27.17.235.29	
36.157.128.13	
14.197.150.16	
1.69.128.11	
1.69.128.23	
27.128.209.25	
1.1.2.21	
36.48.16.16	
27.128.209.7	
36.48.234.2	
36.157.128.18	
1.194.0.19	
36.48.234.22	
1.192.205.25	
43.243.16.15	
1.24.114.32	
36.48.234.15	
1.48.92.2	
36.48.16.27	
1.24.8.16	
36.157.128.6	
1.1.2.14	
1.24.8.4	
1.24.8.20	
14.197.150.25	
45.40.192.16	
1.1.2.8	
1.193.245.22	
1.1.2.18	
27.17.235.19	
27.17.235.3	
27.17.235.11	
1.24.8.8	
1.24.8.28	
45.40.192.25	
1.193.245.25	
1.24.8.14	
1.1.2.6	
1.1.2.17	
36.48.234.24	
14.197.150.18	
27.17.235.15	
1.194.0.18	
1.24.114.12	
27.128.209.23	
1.1.2.16	
1.69.128.15	
1.194.0.17	
36.48.16.21	
1.194.0.16	
27.17.235.20	
14.197.150.3	
14.197.150.22	
1.193.245.20	
14.197.150.27	
36.48.16.15	
14.197.150.23	
43.243.16.20	
1.24.8.11	
36.157.128.2	
1.48.92.14	
1.24.114.11	
1.24.8.13	
1.48.92.17	
1.48.92.19	
36.157.128.17	
1.194.0.2	
1.24.114.24	
1.24.8.2	
1.192.205.13	
1.69.128.28	
36.157.128.11	
27.17.235.16	
36.48.234.18	
1.24.8.24	
1.193.245.11	
14.197.150.6	
1.48.92.1	
43.243.16.22	
1.193.245.26	
36.48.16.4	
14.197.150.19	
1.48.92.22	
1.24.114.8	
36.48.234.28	
1.193.245.7	
1.192.205.15	
1.193.245.8	
43.243.16.2	
1.192.205.19	
1.194.0.7	
27.128.209.16	
36.157.128.8	
1.24.114.4	
36.48.234.10	
1.69.128.13	
1.194.0.9	
1.192.205.2	
1.193.245.18	
27.17.235.10	
36.48.16.9	
1.194.0.14	
27.128.209.13	
1.1.2.25	
1.192.205.14	
43.243.16.18	
1.69.128.26	
27.128.209.27	
1.192.205.24	
1.1.2.11	
1.193.245.28	
1.193.245.30	
1.193.245.27	
45.40.192.20	
43.243.16.14	
14.197.150.31	
45.40.192.4	
1.48.92.20
